captured_at,time,ticker,price,volume,buyer,seller,aggressor
2026-07-12T08:02:32.022892+00:00,18:02:01,OB5X_202612_100C,91.8,41,ScholarlySpearmints,TactfulTangerines,buy
2026-07-12T08:02:32.022892+00:00,18:02:01,ASML_202612_100C,35.9,9,GenerousGeckos,EssentialEagles,sell
2026-07-12T08:02:32.022892+00:00,18:02:01,ASML_202612_100C,35.9,36,FortunateFerrets,EssentialEagles,sell
2026-07-12T08:02:32.022892+00:00,18:02:01,ASML,60.8,10,Freddie Hurd-Wood,YieldingYams,buy
2026-07-12T08:02:32.022892+00:00,18:02:02,ASML_202612_100P,73.9,44,GenerousGeckos,EssentialEagles,sell
2026-07-12T08:02:32.022892+00:00,18:02:02,TSLA,13.1,200,YieldingYams,WavyWalnuts,sell
2026-07-12T08:02:32.022892+00:00,18:02:02,ASML_DUAL,60.9,10,CostlyCorianders,Freddie Hurd-Wood,buy
2026-07-12T08:02:32.022892+00:00,18:02:02,ASML_DUAL,61.0,20,CostlyCorianders,Ethan Gu,buy
2026-07-12T08:02:32.022892+00:00,18:02:02,ASML_DUAL,61.0,10,CostlyCorianders,Benjamin Lu,buy
2026-07-12T08:02:32.022892+00:00,18:02:02,ASML_DUAL,61.0,4,CostlyCorianders,Stanley Cai,buy
2026-07-12T08:02:32.022892+00:00,18:02:02,ASML,60.8,20,Ethan Gu,YieldingYams,buy
2026-07-12T08:02:32.022892+00:00,18:02:02,SAP_DUAL,53.9,53,HomelyHerrings,GroovyGrapefruits,sell
2026-07-12T08:02:32.022892+00:00,18:02:02,TSLA,13.1,500,AverageAlmonds,YieldingYams,buy
2026-07-12T08:02:32.022892+00:00,18:02:02,OB5X_ETF,40.7,500,MarvelousMilkshakes,NecessaryNutmegs,sell
2026-07-12T08:02:32.022892+00:00,18:02:02,ASML,60.8,5,Stanley Cai,YieldingYams,buy
2026-07-12T08:02:32.022892+00:00,18:02:02,AAPL,148.5,200,WavyWalnuts,YieldingYams,buy
2026-07-12T08:02:32.022892+00:00,18:02:02,ASML_202612_050P,31.6,50,GenerousGeckos,EssentialEagles,sell
2026-07-12T08:02:32.022892+00:00,18:02:02,ASML_202612_050P,31.6,4,FortunateFerrets,EssentialEagles,sell
2026-07-12T08:02:32.022892+00:00,18:02:03,ASML,60.7,10,Freddie Hurd-Wood,WavyWalnuts,buy
2026-07-12T08:02:32.022892+00:00,18:02:03,ASML,60.7,190,YieldingYams,WavyWalnuts,buy
2026-07-12T08:02:32.022892+00:00,18:02:03,ASML_DUAL,60.8,10,FlawlessFlatbreads,Benjamin Lu,buy
2026-07-12T08:02:32.022892+00:00,18:02:03,ASML_DUAL,60.8,10,FlawlessFlatbreads,Freddie Hurd-Wood,buy
2026-07-12T08:02:32.022892+00:00,18:02:03,ASML_DUAL,61.0,2,FlawlessFlatbreads,Stanley Cai,buy
2026-07-12T08:02:32.022892+00:00,18:02:03,ASML_DUAL,61.0,28,FlawlessFlatbreads,EarnestEspressos,buy
2026-07-12T08:02:32.022892+00:00,18:02:03,NVDA,42.1,500,AverageAlmonds,YieldingYams,sell
2026-07-12T08:02:32.022892+00:00,18:02:03,TSLA,13.1,125,AverageAlmonds,YieldingYams,buy
2026-07-12T08:02:32.022892+00:00,18:02:03,NVDA,42.1,125,AverageAlmonds,YieldingYams,buy
2026-07-12T08:02:32.022892+00:00,18:02:03,ASML,60.8,435,YieldingYams,AverageAlmonds,sell
2026-07-12T08:02:32.022892+00:00,18:02:03,OB5X_202612_120C,84.8,53,TactfulTangerines,ScholarlySpearmints,sell
2026-07-12T08:02:32.022892+00:00,18:02:03,NVDA,42.1,200,AverageAlmonds,WavyWalnuts,sell
2026-07-12T08:02:32.022892+00:00,18:02:03,OB5X_202612_080P,13.5,40,ScholarlySpearmints,VersatileVinegars,buy
2026-07-12T08:02:32.022892+00:00,18:02:03,ASML_202612_F,58.6,100,CapableCoyotes,BoundlessBisons,buy
2026-07-12T08:02:32.022892+00:00,18:02:03,ASML_DUAL,60.9,3,Stanley Cai,Benjamin Lu,buy
2026-07-12T08:02:32.022892+00:00,18:02:03,OB5X_202612_120P,32.2,50,ScholarlySpearmints,TactfulTangerines,buy
2026-07-12T08:02:32.022892+00:00,18:02:03,SAP,54.5,200,WavyWalnuts,YieldingYams,sell
2026-07-12T08:02:32.022892+00:00,18:02:03,SAP_DUAL,53.8,50,HomelyHerrings,JazzyJellies,sell
2026-07-12T08:02:32.022892+00:00,18:02:03,OB5X_202612_100C,90.5,12,TactfulTangerines,ScholarlySpearmints,sell
2026-07-12T08:02:32.022892+00:00,18:02:03,OB5X_202612_100C,90.4,36,VersatileVinegars,ScholarlySpearmints,sell
2026-07-12T08:02:32.022892+00:00,18:02:03,TSLA,13.2,200,YieldingYams,WavyWalnuts,buy
2026-07-12T08:02:32.022892+00:00,18:02:03,TSLA,13.2,425,YieldingYams,AverageAlmonds,buy
2026-07-12T08:02:32.022892+00:00,18:02:03,SAP,54.5,200,WavyWalnuts,YieldingYams,buy
2026-07-12T08:02:32.022892+00:00,18:02:03,ASML_202612_075P,52.3,46,GenerousGeckos,EssentialEagles,sell
2026-07-12T08:02:32.022892+00:00,18:02:03,ASML_DUAL,60.9,2,Benjamin Lu,xingzhi Dang,buy
2026-07-12T08:02:32.022892+00:00,18:02:03,ASML,60.8,8,Tanishq Panjwani,AverageAlmonds,buy
2026-07-12T08:02:32.022892+00:00,18:02:03,ASML_DUAL,60.9,8,Benjamin Lu,Tanishq Panjwani,sell
2026-07-12T08:02:32.022892+00:00,18:02:03,ASML_202612_100P,74.4,41,EssentialEagles,GenerousGeckos,buy
2026-07-12T08:02:32.022892+00:00,18:02:04,OB5X_ETF,40.7,217,MarvelousMilkshakes,KindlyKales,sell
2026-07-12T08:02:32.022892+00:00,18:02:04,ASML_202612_F,58.7,50,CapableCoyotes,DownrightDogfish,sell
2026-07-12T08:02:32.022892+00:00,18:02:04,ASML,60.7,10,Freddie Hurd-Wood,WavyWalnuts,buy
2026-07-12T08:02:32.022892+00:00,18:02:04,ASML,60.7,2,Tanishq Panjwani,WavyWalnuts,buy
2026-07-12T08:02:32.022892+00:00,18:02:04,ASML_DUAL,60.8,2,xingzhi Dang,Tanishq Panjwani,sell
2026-07-12T08:02:32.022892+00:00,18:02:04,ASML_202703_F,59.1,50,CapableCoyotes,DownrightDogfish,sell
2026-07-12T08:02:32.022892+00:00,18:02:04,SAP_DUAL,53.8,50,HomelyHerrings,GroovyGrapefruits,sell
2026-07-12T08:02:32.022892+00:00,18:02:04,ASML_202706_F,59.4,50,CapableCoyotes,DownrightDogfish,sell
2026-07-12T08:02:32.022892+00:00,18:02:04,ASML_202703_F,59.1,100,CapableCoyotes,BoundlessBisons,sell
2026-07-12T08:02:32.022892+00:00,18:02:04,NVDA,42.4,20,BrilliantBurritos,AverageAlmonds,buy
2026-07-12T08:02:32.022892+00:00,18:02:04,ASML,60.6,200,WavyWalnuts,YieldingYams,sell
2026-07-12T08:02:32.022892+00:00,18:02:04,ASML_202706_F,59.4,100,CapableCoyotes,BoundlessBisons,sell
2026-07-12T08:02:32.022892+00:00,18:02:04,ASML,60.6,2,Tanishq Panjwani,YieldingYams,buy
2026-07-12T08:02:32.022892+00:00,18:02:04,ASML_DUAL,60.7,2,xingzhi Dang,Tanishq Panjwani,sell
2026-07-12T08:02:32.022892+00:00,18:02:04,ASML_202706_F,58.5,48,BoundlessBisons,AttentiveAntelopes,sell
2026-07-12T08:02:32.022892+00:00,18:02:04,OB5X_ETF,40.7,500,LivelyLasagnas,MarvelousMilkshakes,sell
2026-07-12T08:02:32.022892+00:00,18:02:04,SAP,54.6,200,YieldingYams,WavyWalnuts,buy
2026-07-12T08:02:32.022892+00:00,18:02:04,SAP,54.7,425,YieldingYams,AverageAlmonds,buy
2026-07-12T08:02:32.022892+00:00,18:02:05,OB5X_ETF,40.6,218,KindlyKales,MarvelousMilkshakes,buy
2026-07-12T08:02:32.022892+00:00,18:02:05,ASML_DUAL,60.7,10,FlawlessFlatbreads,Benjamin Lu,buy
2026-07-12T08:02:32.022892+00:00,18:02:05,ASML_DUAL,60.8,2,FlawlessFlatbreads,xingzhi Dang,buy
2026-07-12T08:02:32.022892+00:00,18:02:05,ASML_DUAL,60.8,20,FlawlessFlatbreads,Ethan Gu,buy
2026-07-12T08:02:32.022892+00:00,18:02:05,ASML_DUAL,60.8,10,FlawlessFlatbreads,Freddie Hurd-Wood,buy
2026-07-12T08:02:32.022892+00:00,18:02:05,ASML_DUAL,60.9,6,FlawlessFlatbreads,Stanley Cai,buy
2026-07-12T08:02:32.022892+00:00,18:02:05,ASML_DUAL,61.0,2,FlawlessFlatbreads,EarnestEspressos,buy
2026-07-12T08:02:32.022892+00:00,18:02:05,TSLA,13.1,200,WavyWalnuts,YieldingYams,sell
2026-07-12T08:02:32.022892+00:00,18:02:05,TSLA,13.1,425,AverageAlmonds,YieldingYams,sell
2026-07-12T08:02:32.022892+00:00,18:02:05,ASML,60.6,20,Ethan Gu,YieldingYams,buy
2026-07-12T08:02:32.022892+00:00,18:02:05,ASML,60.6,10,Tanishq Panjwani,YieldingYams,buy
2026-07-12T08:02:32.022892+00:00,18:02:05,ASML_DUAL,60.7,10,Benjamin Lu,Tanishq Panjwani,sell
2026-07-12T08:02:32.022892+00:00,18:02:05,ASML,60.6,2,Tanishq Panjwani,YieldingYams,buy
2026-07-12T08:02:32.022892+00:00,18:02:05,ASML_DUAL,60.7,2,xingzhi Dang,Tanishq Panjwani,sell
2026-07-12T08:02:32.022892+00:00,18:02:05,OB5X_202612_F,175.8,47,OriginalOlives,QuirkyQuinoas,buy
2026-07-12T08:02:32.022892+00:00,18:02:05,OB5X_ETF,40.6,32,KindlyKales,MarvelousMilkshakes,buy
2026-07-12T08:02:32.022892+00:00,18:02:05,ASML,60.6,5,Stanley Cai,YieldingYams,buy
2026-07-12T08:02:32.022892+00:00,18:02:05,ASML,60.6,200,YieldingYams,WavyWalnuts,buy
2026-07-12T08:02:32.022892+00:00,18:02:05,TSLA,13.1,200,AverageAlmonds,WavyWalnuts,sell
2026-07-12T08:02:32.022892+00:00,18:02:05,NVDA,42.4,20,BrilliantBurritos,AverageAlmonds,buy
2026-07-12T08:02:32.022892+00:00,18:02:06,ASML,60.8,10,Freddie Hurd-Wood,AverageAlmonds,buy
2026-07-12T08:02:32.022892+00:00,18:02:06,ASML_DUAL,60.8,2,CostlyCorianders,xingzhi Dang,buy
2026-07-12T08:02:32.022892+00:00,18:02:06,ASML_DUAL,60.9,10,CostlyCorianders,Freddie Hurd-Wood,buy
2026-07-12T08:02:32.022892+00:00,18:02:06,ASML_DUAL,60.9,10,CostlyCorianders,Benjamin Lu,buy
2026-07-12T08:02:32.022892+00:00,18:02:06,ASML_DUAL,61.0,6,CostlyCorianders,Stanley Cai,buy
2026-07-12T08:02:32.022892+00:00,18:02:06,ASML_DUAL,61.0,20,CostlyCorianders,EarnestEspressos,buy
2026-07-12T08:02:32.022892+00:00,18:02:06,ASML_202612_F,57.8,50,BoundlessBisons,DownrightDogfish,sell
2026-07-12T08:02:32.022892+00:00,18:02:06,ASML_202703_F,58.2,50,BoundlessBisons,DownrightDogfish,sell
2026-07-12T08:02:32.022892+00:00,18:02:06,OB5X_202612_080C,107.6,50,ScholarlySpearmints,VersatileVinegars,buy
2026-07-12T08:02:32.022892+00:00,18:02:06,OB5X_202612_080C,107.7,8,ScholarlySpearmints,TactfulTangerines,buy
2026-07-12T08:02:32.022892+00:00,18:02:06,ASML,60.8,5,Stanley Cai,YieldingYams,buy
2026-07-12T08:02:32.022892+00:00,18:02:06,TSLA,13.2,500,YieldingYams,AverageAlmonds,buy
2026-07-12T08:02:32.022892+00:00,18:02:06,ASML_202706_F,58.5,50,BoundlessBisons,DownrightDogfish,sell
2026-07-12T08:02:32.022892+00:00,18:02:06,ASML_DUAL,60.9,2,Benjamin Lu,xingzhi Dang,buy
2026-07-12T08:02:32.022892+00:00,18:02:06,OB5X_ETF,40.8,209,KindlyKales,LivelyLasagnas,buy
2026-07-12T08:02:32.022892+00:00,18:02:06,ASML,60.8,8,Tanishq Panjwani,YieldingYams,buy
2026-07-12T08:02:32.022892+00:00,18:02:06,ASML_DUAL,60.9,8,Benjamin Lu,Tanishq Panjwani,sell
2026-07-12T08:02:32.022892+00:00,18:02:06,TSLA,13.3,125,YieldingYams,AverageAlmonds,sell
2026-07-12T08:02:32.022892+00:00,18:02:06,ASML,60.8,20,BrilliantBurritos,YieldingYams,buy
2026-07-12T08:02:32.022892+00:00,18:02:07,ASML,60.8,10,Freddie Hurd-Wood,WavyWalnuts,buy
2026-07-12T08:02:32.022892+00:00,18:02:07,NVDA,42.3,200,WavyWalnuts,YieldingYams,sell
2026-07-12T08:02:32.022892+00:00,18:02:07,OB5X_202706_F,185.3,47,QuirkyQuinoas,OriginalOlives,sell
2026-07-12T08:02:32.022892+00:00,18:02:07,ASML_202612_075P,52.8,44,EssentialEagles,GenerousGeckos,buy
2026-07-12T08:02:32.022892+00:00,18:02:07,ASML_DUAL,60.9,10,FlawlessFlatbreads,Benjamin Lu,buy
2026-07-12T08:02:32.022892+00:00,18:02:07,ASML_DUAL,61.0,40,FlawlessFlatbreads,EarnestEspressos,buy
2026-07-12T08:02:32.022892+00:00,18:02:07,ASML_202612_050C,43.2,44,EssentialEagles,GenerousGeckos,buy
2026-07-12T08:02:32.022892+00:00,18:02:07,TSLA,13.2,200,WavyWalnuts,AverageAlmonds,sell
2026-07-12T08:02:32.022892+00:00,18:02:07,ASML_202612_F,58.1,59,AttentiveAntelopes,CapableCoyotes,buy
2026-07-12T08:02:32.022892+00:00,18:02:07,SAP,54.4,500,AverageAlmonds,YieldingYams,sell
2026-07-12T08:02:32.022892+00:00,18:02:07,SAP,54.3,125,WavyWalnuts,YieldingYams,sell
2026-07-12T08:02:32.022892+00:00,18:02:07,ASML,60.8,2,xingzhi Dang,WavyWalnuts,buy
2026-07-12T08:02:32.022892+00:00,18:02:07,ASML,60.7,200,YieldingYams,WavyWalnuts,sell
2026-07-12T08:02:32.022892+00:00,18:02:07,TSLA,13.1,500,AverageAlmonds,YieldingYams,sell
2026-07-12T08:02:32.022892+00:00,18:02:07,SAP_DUAL,53.5,50,InfiniteIcecreams,JazzyJellies,sell
2026-07-12T08:02:32.022892+00:00,18:02:07,NVDA,42.3,20,BrilliantBurritos,YieldingYams,buy
2026-07-12T08:02:32.022892+00:00,18:02:08,AAPL,148.2,20,YieldingYams,BrilliantBurritos,sell
2026-07-12T08:02:32.022892+00:00,18:02:08,ASML,60.8,10,Tanishq Panjwani,AverageAlmonds,buy
2026-07-12T08:02:32.022892+00:00,18:02:08,ASML_DUAL,60.9,10,Benjamin Lu,Tanishq Panjwani,sell
2026-07-12T08:02:32.022892+00:00,18:02:08,TSLA,13.1,125,AverageAlmonds,YieldingYams,buy
2026-07-12T08:02:32.022892+00:00,18:02:08,TSLA,13.1,200,AverageAlmonds,WavyWalnuts,sell
2026-07-12T08:02:32.022892+00:00,18:02:08,ASML_202612_050C,43.2,6,EssentialEagles,GenerousGeckos,buy
2026-07-12T08:02:32.022892+00:00,18:02:08,ASML_202612_050C,43.2,43,EssentialEagles,FortunateFerrets,buy
2026-07-12T08:02:32.022892+00:00,18:02:08,OB5X_ETF,40.6,236,LivelyLasagnas,KindlyKales,sell
2026-07-12T08:02:32.022892+00:00,18:02:08,ASML_DUAL,60.9,10,EarnestEspressos,Benjamin Lu,sell
2026-07-12T08:02:32.022892+00:00,18:02:08,OB5X_202703_F,179.1,47,OriginalOlives,QuirkyQuinoas,buy
2026-07-12T08:02:32.022892+00:00,18:02:08,ASML,60.8,50,Tanishq Panjwani,AverageAlmonds,buy
2026-07-12T08:02:32.022892+00:00,18:02:08,ASML_DUAL,60.9,50,EarnestEspressos,Tanishq Panjwani,sell
2026-07-12T08:02:32.022892+00:00,18:02:08,ASML,60.8,50,Tanishq Panjwani,AverageAlmonds,buy
2026-07-12T08:02:32.022892+00:00,18:02:08,ASML_DUAL,60.9,50,EarnestEspressos,Tanishq Panjwani,sell
2026-07-12T08:02:32.022892+00:00,18:02:08,ASML,60.8,1,xingzhi Dang,AverageAlmonds,buy
2026-07-12T08:02:32.022892+00:00,18:02:08,ASML_DUAL,60.9,1,EarnestEspressos,xingzhi Dang,sell
2026-07-12T08:02:32.022892+00:00,18:02:08,ASML,60.8,23,Tanishq Panjwani,YieldingYams,buy
2026-07-12T08:02:32.022892+00:00,18:02:08,ASML_DUAL,60.9,23,EarnestEspressos,Tanishq Panjwani,sell
2026-07-12T08:02:32.022892+00:00,18:02:08,SAP,54.4,200,AverageAlmonds,WavyWalnuts,sell
2026-07-12T08:02:32.022892+00:00,18:02:08,ASML,60.7,20,BrilliantBurritos,WavyWalnuts,buy
2026-07-12T08:02:32.022892+00:00,18:02:08,OB5X_ETF,40.6,500,MarvelousMilkshakes,NecessaryNutmegs,sell
2026-07-12T08:02:32.022892+00:00,18:02:09,TSLA,13.2,500,YieldingYams,AverageAlmonds,buy
2026-07-12T08:02:32.022892+00:00,18:02:09,TSLA,13.4,125,YieldingYams,AverageAlmonds,sell
2026-07-12T08:02:32.022892+00:00,18:02:09,OB5X_202706_F,185.8,100,QuirkyQuinoas,PowerfulPineapples,buy
2026-07-12T08:02:32.022892+00:00,18:02:09,NVDA,42.3,200,YieldingYams,WavyWalnuts,sell
2026-07-12T08:02:32.022892+00:00,18:02:09,ASML_DUAL,61.0,10,FlawlessFlatbreads,Benjamin Lu,buy
2026-07-12T08:02:32.022892+00:00,18:02:09,ASML_DUAL,61.0,20,FlawlessFlatbreads,Ethan Gu,buy
2026-07-12T08:02:32.022892+00:00,18:02:09,ASML_DUAL,61.1,20,FlawlessFlatbreads,DiligentDonuts,buy
2026-07-12T08:02:32.022892+00:00,18:02:09,OB5X_202703_F,179.1,100,QuirkyQuinoas,PowerfulPineapples,buy
2026-07-12T08:02:32.022892+00:00,18:02:09,ASML_202612_100C,35.8,50,GenerousGeckos,EssentialEagles,sell
2026-07-12T08:02:32.022892+00:00,18:02:09,ASML_202612_100C,35.7,4,FortunateFerrets,EssentialEagles,sell
2026-07-12T08:02:32.022892+00:00,18:02:09,OB5X_202706_F,186.1,50,QuirkyQuinoas,RadiantRisottos,sell
2026-07-12T08:02:32.022892+00:00,18:02:09,ASML_202612_075C,38.8,57,FortunateFerrets,EssentialEagles,sell
2026-07-12T08:02:32.022892+00:00,18:02:09,OB5X_202612_F,176.0,100,QuirkyQuinoas,PowerfulPineapples,buy
2026-07-12T08:02:32.022892+00:00,18:02:09,ASML,60.7,1,xingzhi Dang,WavyWalnuts,buy
2026-07-12T08:02:32.022892+00:00,18:02:09,ASML,60.7,20,Ethan Gu,WavyWalnuts,buy
2026-07-12T08:02:32.022892+00:00,18:02:09,ASML_DUAL,60.9,1,EarnestEspressos,xingzhi Dang,sell
2026-07-12T08:02:32.022892+00:00,18:02:09,ASML,60.6,200,WavyWalnuts,YieldingYams,sell
2026-07-12T08:02:32.022892+00:00,18:02:09,ASML,60.6,3,Stanley Cai,YieldingYams,sell
2026-07-12T08:02:32.022892+00:00,18:02:09,OB5X_202703_F,179.4,50,QuirkyQuinoas,RadiantRisottos,sell
2026-07-12T08:02:32.022892+00:00,18:02:09,ASML,60.6,1,Sze-Yong Ng,YieldingYams,buy
2026-07-12T08:02:32.022892+00:00,18:02:09,ASML_DUAL,60.9,1,EarnestEspressos,Sze-Yong Ng,sell
2026-07-12T08:02:32.022892+00:00,18:02:09,ASML,60.6,5,Gourab Sharma,YieldingYams,buy
2026-07-12T08:02:32.022892+00:00,18:02:09,ASML_DUAL,60.9,5,EarnestEspressos,Gourab Sharma,sell
2026-07-12T08:02:32.022892+00:00,18:02:09,OB5X_202612_F,176.3,50,QuirkyQuinoas,RadiantRisottos,sell
2026-07-12T08:02:32.022892+00:00,18:02:09,ASML,60.6,19,Yashwanth Madan,YieldingYams,buy
2026-07-12T08:02:32.022892+00:00,18:02:09,ASML_DUAL,60.9,9,EarnestEspressos,Yashwanth Madan,sell
2026-07-12T08:02:32.022892+00:00,18:02:09,ASML_DUAL,60.9,10,Benjamin Lu,Yashwanth Madan,sell
2026-07-12T08:02:32.022892+00:00,18:02:09,ASML_DUAL,60.5,10,Freddie Hurd-Wood,CostlyCorianders,sell
2026-07-12T08:02:32.022892+00:00,18:02:09,ASML_DUAL,60.5,20,Ethan Gu,CostlyCorianders,sell
2026-07-12T08:02:32.022892+00:00,18:02:09,ASML_DUAL,60.5,19,DiligentDonuts,CostlyCorianders,sell
2026-07-12T08:02:32.022892+00:00,18:02:09,SAP_DUAL,53.6,50,HomelyHerrings,JazzyJellies,sell
2026-07-12T08:02:32.022892+00:00,18:02:09,SAP,54.6,200,YieldingYams,WavyWalnuts,sell
2026-07-12T08:02:32.022892+00:00,18:02:10,ASML,60.5,3,Stanley Cai,WavyWalnuts,sell
2026-07-12T08:02:32.022892+00:00,18:02:10,ASML,60.4,10,YieldingYams,Freddie Hurd-Wood,sell
2026-07-12T08:02:32.022892+00:00,18:02:10,ASML,60.4,20,YieldingYams,Ethan Gu,sell
2026-07-12T08:02:32.022892+00:00,18:02:10,SAP_DUAL,53.7,52,GroovyGrapefruits,InfiniteIcecreams,buy
2026-07-12T08:02:32.022892+00:00,18:02:10,OB5X_202612_080P,13.4,53,ScholarlySpearmints,TactfulTangerines,buy
2026-07-12T08:02:32.022892+00:00,18:02:10,OB5X_202612_080C,106.8,40,VersatileVinegars,ScholarlySpearmints,sell
2026-07-12T08:02:32.022892+00:00,18:02:10,ASML_DUAL,60.6,4,Benjamin Lu,Stanley Cai,sell
2026-07-12T08:02:32.022892+00:00,18:02:10,ASML_202703_F,58.4,100,BoundlessBisons,CapableCoyotes,sell
2026-07-12T08:02:32.022892+00:00,18:02:10,ASML,60.5,1,xingzhi Dang,WavyWalnuts,buy
2026-07-12T08:02:32.022892+00:00,18:02:10,ASML_DUAL,60.6,1,Benjamin Lu,xingzhi Dang,sell
2026-07-12T08:02:32.022892+00:00,18:02:10,OB5X_202612_100P,21.1,50,VersatileVinegars,ScholarlySpearmints,sell
2026-07-12T08:02:32.022892+00:00,18:02:10,OB5X_202612_100P,21.1,3,TactfulTangerines,ScholarlySpearmints,sell
2026-07-12T08:02:32.022892+00:00,18:02:10,ASML_202612_075P,52.8,43,EssentialEagles,FortunateFerrets,buy
2026-07-12T08:02:32.022892+00:00,18:02:10,ASML_202612_100P,74.5,55,EssentialEagles,FortunateFerrets,buy
2026-07-12T08:02:32.022892+00:00,18:02:10,ASML,60.5,196,YieldingYams,WavyWalnuts,buy
2026-07-12T08:02:32.022892+00:00,18:02:11,ASML_202612_F,57.5,50,CapableCoyotes,DownrightDogfish,sell
2026-07-12T08:02:32.022892+00:00,18:02:11,OB5X_ETF,40.6,500,LivelyLasagnas,NecessaryNutmegs,sell
2026-07-12T08:02:32.022892+00:00,18:02:11,ASML_202703_F,57.9,50,CapableCoyotes,DownrightDogfish,sell
2026-07-12T08:02:32.022892+00:00,18:02:11,SAP,54.6,200,YieldingYams,WavyWalnuts,sell
2026-07-12T08:02:32.022892+00:00,18:02:11,ASML_202706_F,58.6,50,BoundlessBisons,DownrightDogfish,sell
2026-07-12T08:02:32.022892+00:00,18:02:11,ASML_DUAL,60.9,10,FlawlessFlatbreads,Benjamin Lu,buy
2026-07-12T08:02:32.022892+00:00,18:02:11,ASML_DUAL,60.9,10,FlawlessFlatbreads,Freddie Hurd-Wood,buy
2026-07-12T08:02:32.022892+00:00,18:02:11,ASML_DUAL,60.9,6,FlawlessFlatbreads,Stanley Cai,buy
2026-07-12T08:02:32.022892+00:00,18:02:11,ASML_DUAL,61.0,24,FlawlessFlatbreads,DiligentDonuts,buy
2026-07-12T08:02:32.022892+00:00,18:02:11,ASML_DUAL,60.8,10,Benjamin Lu,EarnestEspressos,sell
2026-07-12T08:02:32.022892+00:00,18:02:11,SAP_DUAL,53.7,42,InfiniteIcecreams,GroovyGrapefruits,sell
2026-07-12T08:02:32.022892+00:00,18:02:11,TSLA,13.2,200,YieldingYams,WavyWalnuts,buy
2026-07-12T08:02:32.022892+00:00,18:02:11,TSLA,13.2,425,YieldingYams,AverageAlmonds,buy
2026-07-12T08:02:32.022892+00:00,18:02:11,ASML,60.7,5,Stanley Cai,YieldingYams,buy
2026-07-12T08:02:32.022892+00:00,18:02:11,ASML_DUAL,60.7,19,Yashwanth Madan,EarnestEspressos,buy
2026-07-12T08:02:32.022892+00:00,18:02:11,ASML,60.6,19,YieldingYams,Yashwanth Madan,sell
2026-07-12T08:02:32.022892+00:00,18:02:11,TSLA,13.2,75,WavyWalnuts,AverageAlmonds,buy
2026-07-12T08:02:32.022892+00:00,18:02:11,NVDA,42.2,200,YieldingYams,WavyWalnuts,sell
2026-07-12T08:02:32.022892+00:00,18:02:12,OB5X_202612_080C,107.9,42,ScholarlySpearmints,TactfulTangerines,buy
2026-07-12T08:02:32.022892+00:00,18:02:12,SAP_DUAL,53.7,50,InfiniteIcecreams,JazzyJellies,sell
2026-07-12T08:02:32.022892+00:00,18:02:12,ASML,60.7,10,Freddie Hurd-Wood,YieldingYams,buy
2026-07-12T08:02:32.022892+00:00,18:02:12,NVDA,42.3,20,BrilliantBurritos,YieldingYams,buy
2026-07-12T08:02:32.022892+00:00,18:02:12,OB5X_202612_100C,90.8,50,VersatileVinegars,ScholarlySpearmints,sell
2026-07-12T08:02:32.022892+00:00,18:02:12,OB5X_202612_100C,90.7,9,TactfulTangerines,ScholarlySpearmints,sell
2026-07-12T08:02:32.022892+00:00,18:02:12,ASML,60.6,200,WavyWalnuts,YieldingYams,sell
2026-07-12T08:02:32.022892+00:00,18:02:12,TSLA,13.2,125,WavyWalnuts,AverageAlmonds,sell
2026-07-12T08:02:32.022892+00:00,18:02:12,NVDA,42.1,200,WavyWalnuts,YieldingYams,sell
2026-07-12T08:02:32.022892+00:00,18:02:12,NVDA,42.1,425,AverageAlmonds,YieldingYams,sell
2026-07-12T08:02:32.022892+00:00,18:02:12,ASML_202706_F,58.6,44,AttentiveAntelopes,BoundlessBisons,buy
2026-07-12T08:02:32.022892+00:00,18:02:12,ASML,60.6,200,WavyWalnuts,YieldingYams,buy
2026-07-12T08:02:32.022892+00:00,18:02:12,SAP,54.4,200,WavyWalnuts,YieldingYams,sell
2026-07-12T08:02:32.022892+00:00,18:02:12,OB5X_202706_F,185.6,100,PowerfulPineapples,QuirkyQuinoas,sell
2026-07-12T08:02:32.022892+00:00,18:02:13,OB5X_202703_F,178.8,100,PowerfulPineapples,QuirkyQuinoas,sell
2026-07-12T08:02:32.022892+00:00,18:02:13,TSLA,13.1,500,AverageAlmonds,YieldingYams,sell
2026-07-12T08:02:32.022892+00:00,18:02:13,TSLA,13.0,125,WavyWalnuts,YieldingYams,sell
2026-07-12T08:02:32.022892+00:00,18:02:13,OB5X_202706_F,185.0,50,PowerfulPineapples,QuirkyQuinoas,buy
2026-07-12T08:02:32.022892+00:00,18:02:13,ASML_DUAL,60.7,10,Benjamin Lu,EarnestEspressos,buy
2026-07-12T08:02:32.022892+00:00,18:02:13,OB5X_ETF,40.5,500,MarvelousMilkshakes,NecessaryNutmegs,sell
2026-07-12T08:02:32.022892+00:00,18:02:13,OB5X_202612_F,175.7,100,PowerfulPineapples,QuirkyQuinoas,sell
2026-07-12T08:02:32.022892+00:00,18:02:13,ASML_202612_075C,39.3,54,EssentialEagles,FortunateFerrets,buy
2026-07-12T08:02:32.022892+00:00,18:02:13,OB5X_202703_F,178.2,50,PowerfulPineapples,QuirkyQuinoas,buy
2026-07-12T08:02:32.022892+00:00,18:02:13,ASML,60.5,20,AverageAlmonds,BrilliantBurritos,sell
2026-07-12T08:02:32.022892+00:00,18:02:13,OB5X_202612_F,175.2,50,PowerfulPineapples,QuirkyQuinoas,buy
2026-07-12T08:02:32.022892+00:00,18:02:13,ASML_DUAL,60.5,47,DiligentDonuts,CostlyCorianders,sell
2026-07-12T08:02:32.022892+00:00,18:02:13,OB5X_202612_120P,32.1,59,ScholarlySpearmints,TactfulTangerines,buy
2026-07-12T08:02:32.022892+00:00,18:02:13,NVDA,42.3,200,YieldingYams,WavyWalnuts,buy
2026-07-12T08:02:32.022892+00:00,18:02:13,ASML,60.7,200,YieldingYams,WavyWalnuts,sell
2026-07-12T08:02:32.022892+00:00,18:02:13,ASML,60.7,1,YieldingYams,Sze-Yong Ng,sell
2026-07-12T08:02:32.022892+00:00,18:02:13,ASML_DUAL,60.7,1,Sze-Yong Ng,EarnestEspressos,buy
2026-07-12T08:02:32.022892+00:00,18:02:13,ASML_DUAL,60.6,10,Benjamin Lu,FlawlessFlatbreads,sell
2026-07-12T08:02:32.022892+00:00,18:02:13,ASML,60.7,25,YieldingYams,Ethan Gu,sell
2026-07-12T08:02:32.022892+00:00,18:02:13,ASML_DUAL,60.7,25,Ethan Gu,EarnestEspressos,buy
2026-07-12T08:02:32.022892+00:00,18:02:14,ASML_202703_F,58.3,100,CapableCoyotes,BoundlessBisons,buy
2026-07-12T08:02:32.022892+00:00,18:02:14,ASML_DUAL,60.7,10,Benjamin Lu,EarnestEspressos,buy
2026-07-12T08:02:32.022892+00:00,18:02:14,TSLA,13.1,200,AverageAlmonds,WavyWalnuts,sell
2026-07-12T08:02:32.022892+00:00,18:02:14,ASML,60.7,25,YieldingYams,Ethan Gu,sell
2026-07-12T08:02:32.022892+00:00,18:02:14,ASML_DUAL,60.7,25,Ethan Gu,EarnestEspressos,buy
2026-07-12T08:02:32.022892+00:00,18:02:14,TSLA,13.2,500,YieldingYams,AverageAlmonds,buy
2026-07-12T08:02:32.022892+00:00,18:02:14,ASML_202612_100C,36.3,48,EssentialEagles,FortunateFerrets,buy
2026-07-12T08:02:32.022892+00:00,18:02:14,OB5X_202612_F,175.9,56,OriginalOlives,PowerfulPineapples,buy
2026-07-12T08:02:32.022892+00:00,18:02:14,TSLA,13.3,125,YieldingYams,AverageAlmonds,sell
2026-07-12T08:02:32.022892+00:00,18:02:14,OB5X_202612_120C,85.0,40,VersatileVinegars,ScholarlySpearmints,sell
2026-07-12T08:02:32.022892+00:00,18:02:14,SAP,54.3,200,YieldingYams,WavyWalnuts,sell
2026-07-12T08:02:32.022892+00:00,18:02:14,ASML_DUAL,60.7,2,EarnestEspressos,xingzhi Dang,buy
2026-07-12T08:02:32.022892+00:00,18:02:14,ASML_DUAL,60.7,10,EarnestEspressos,Benjamin Lu,buy
2026-07-12T08:02:32.022892+00:00,18:02:14,OB5X_202612_080P,13.4,47,ScholarlySpearmints,TactfulTangerines,buy
2026-07-12T08:02:32.022892+00:00,18:02:14,ASML,60.8,200,WavyWalnuts,AverageAlmonds,buy
2026-07-12T08:02:32.022892+00:00,18:02:14,AAPL,148.3,200,WavyWalnuts,YieldingYams,buy
2026-07-12T08:02:32.022892+00:00,18:02:14,ASML_DUAL,60.8,44,EarnestEspressos,CostlyCorianders,sell
2026-07-12T08:02:32.022892+00:00,18:02:15,OB5X_202612_100P,22.1,44,ScholarlySpearmints,VersatileVinegars,buy
2026-07-12T08:02:32.022892+00:00,18:02:15,ASML_DUAL,60.8,10,EarnestEspressos,Benjamin Lu,sell
2026-07-12T08:02:32.022892+00:00,18:02:15,OB5X_ETF,40.6,500,NecessaryNutmegs,MarvelousMilkshakes,buy
2026-07-12T08:02:32.022892+00:00,18:02:15,SAP,54.3,500,AverageAlmonds,YieldingYams,sell
2026-07-12T08:02:32.022892+00:00,18:02:15,OB5X_ETF,40.6,239,KindlyKales,MarvelousMilkshakes,buy
2026-07-12T08:02:32.022892+00:00,18:02:15,NVDA,42.4,200,WavyWalnuts,YieldingYams,buy
2026-07-12T08:02:32.022892+00:00,18:02:15,ASML,60.7,2,xingzhi Dang,YieldingYams,buy
2026-07-12T08:02:32.022892+00:00,18:02:15,ASML_202612_100P,74.0,44,FortunateFerrets,EssentialEagles,sell
2026-07-12T08:02:32.022892+00:00,18:02:15,ASML_DUAL,60.8,10,EarnestEspressos,Benjamin Lu,sell
2026-07-12T08:02:32.022892+00:00,18:02:15,ASML_202612_F,57.9,50,BoundlessBisons,DownrightDogfish,sell
2026-07-12T08:02:32.022892+00:00,18:02:15,ASML_202703_F,58.4,50,BoundlessBisons,DownrightDogfish,sell
2026-07-12T08:02:32.022892+00:00,18:02:15,ASML_DUAL,60.9,20,CostlyCorianders,Ethan Gu,buy
2026-07-12T08:02:32.022892+00:00,18:02:15,ASML_DUAL,61.0,21,CostlyCorianders,DiligentDonuts,buy
2026-07-12T08:02:32.022892+00:00,18:02:15,ASML_202612_F,57.9,50,BoundlessBisons,AttentiveAntelopes,sell
2026-07-12T08:02:32.022892+00:00,18:02:15,ASML_202612_F,57.8,6,CapableCoyotes,AttentiveAntelopes,sell
2026-07-12T08:02:32.022892+00:00,18:02:15,ASML,60.7,20,Ethan Gu,YieldingYams,buy
2026-07-12T08:02:32.022892+00:00,18:02:15,ASML_202706_F,58.6,50,BoundlessBisons,DownrightDogfish,sell
2026-07-12T08:02:32.022892+00:00,18:02:15,ASML_202703_F,58.4,50,BoundlessBisons,AttentiveAntelopes,sell
2026-07-12T08:02:32.022892+00:00,18:02:15,ASML_202703_F,58.3,8,CapableCoyotes,AttentiveAntelopes,sell
2026-07-12T08:02:32.022892+00:00,18:02:15,SAP,54.3,125,AverageAlmonds,YieldingYams,buy
2026-07-12T08:02:32.022892+00:00,18:02:16,ASML_202706_F,59.0,49,AttentiveAntelopes,CapableCoyotes,buy
2026-07-12T08:02:32.022892+00:00,18:02:16,SAP,54.3,200,AverageAlmonds,WavyWalnuts,sell
2026-07-12T08:02:32.022892+00:00,18:02:16,ASML,60.7,200,WavyWalnuts,YieldingYams,buy
2026-07-12T08:02:32.022892+00:00,18:02:16,OB5X_202612_080C,106.8,10,VersatileVinegars,ScholarlySpearmints,sell
2026-07-12T08:02:32.022892+00:00,18:02:16,OB5X_202612_080C,106.6,41,TactfulTangerines,ScholarlySpearmints,sell
2026-07-12T08:02:32.022892+00:00,18:02:16,OB5X_202612_100P,22.1,6,ScholarlySpearmints,VersatileVinegars,buy
2026-07-12T08:02:32.022892+00:00,18:02:16,OB5X_202612_100P,22.1,39,ScholarlySpearmints,ScholarlySpearmints,sell
2026-07-12T08:02:32.022892+00:00,18:02:16,OB5X_202612_100P,21.1,6,VersatileVinegars,ScholarlySpearmints,sell
2026-07-12T08:02:32.022892+00:00,18:02:16,ASML,60.7,1,xingzhi Dang,YieldingYams,buy
2026-07-12T08:02:32.022892+00:00,18:02:16,ASML_DUAL,60.8,1,EarnestEspressos,xingzhi Dang,sell
2026-07-12T08:02:32.022892+00:00,18:02:16,OB5X_ETF,40.5,203,LivelyLasagnas,KindlyKales,sell
2026-07-12T08:02:32.022892+00:00,18:02:16,ASML_202612_100C,36.3,48,EssentialEagles,FortunateFerrets,buy
2026-07-12T08:02:32.022892+00:00,18:02:16,TSLA,13.2,200,WavyWalnuts,YieldingYams,buy
2026-07-12T08:02:32.022892+00:00,18:02:16,ASML_202612_075C,38.9,50,GenerousGeckos,EssentialEagles,sell
2026-07-12T08:02:32.022892+00:00,18:02:16,ASML_202612_075C,38.8,5,FortunateFerrets,EssentialEagles,sell
2026-07-12T08:02:32.022892+00:00,18:02:16,ASML_DUAL,60.8,10,EarnestEspressos,Benjamin Lu,sell
2026-07-12T08:02:32.022892+00:00,18:02:16,ASML,60.7,20,BrilliantBurritos,YieldingYams,buy
2026-07-12T08:02:32.022892+00:00,18:02:17,SAP,54.3,200,YieldingYams,WavyWalnuts,sell
2026-07-12T08:02:32.022892+00:00,18:02:17,ASML_202703_F,58.3,42,CapableCoyotes,AttentiveAntelopes,sell
2026-07-12T08:02:32.022892+00:00,18:02:17,ASML_DUAL,60.9,10,CostlyCorianders,Benjamin Lu,buy
2026-07-12T08:02:32.022892+00:00,18:02:17,ASML_DUAL,61.0,6,CostlyCorianders,Stanley Cai,buy
2026-07-12T08:02:32.022892+00:00,18:02:17,ASML_DUAL,61.0,26,CostlyCorianders,DiligentDonuts,buy
2026-07-12T08:02:32.022892+00:00,18:02:17,ASML,60.7,1,xingzhi Dang,YieldingYams,buy
2026-07-12T08:02:32.022892+00:00,18:02:17,ASML_DUAL,60.8,1,EarnestEspressos,xingzhi Dang,sell
2026-07-12T08:02:32.022892+00:00,18:02:17,OB5X_202612_080C,107.7,50,ScholarlySpearmints,VersatileVinegars,buy
2026-07-12T08:02:32.022892+00:00,18:02:17,OB5X_202612_080C,107.9,2,ScholarlySpearmints,TactfulTangerines,buy
2026-07-12T08:02:32.022892+00:00,18:02:17,ASML_202612_075P,52.3,49,FortunateFerrets,EssentialEagles,sell
2026-07-12T08:02:32.022892+00:00,18:02:17,ASML,60.7,5,Stanley Cai,YieldingYams,buy
2026-07-12T08:02:32.022892+00:00,18:02:17,OB5X_202612_100P,22.2,45,ScholarlySpearmints,TactfulTangerines,buy
2026-07-12T08:02:32.022892+00:00,18:02:17,ASML_202612_075C,38.8,54,FortunateFerrets,EssentialEagles,sell
2026-07-12T08:02:32.022892+00:00,18:02:17,ASML_DUAL,61.0,50,FlawlessFlatbreads,DiligentDonuts,buy
2026-07-12T08:02:32.022892+00:00,18:02:17,TSLA,13.1,200,YieldingYams,WavyWalnuts,sell
2026-07-12T08:02:32.022892+00:00,18:02:17,ASML_202612_100P,74.4,46,EssentialEagles,GenerousGeckos,buy
2026-07-12T08:02:32.022892+00:00,18:02:18,ASML_202612_F,57.9,50,DownrightDogfish,CapableCoyotes,buy
2026-07-12T08:02:32.022892+00:00,18:02:18,ASML_DUAL,60.9,10,Benjamin Lu,EarnestEspressos,sell
2026-07-12T08:02:32.022892+00:00,18:02:18,ASML_202703_F,58.3,50,DownrightDogfish,CapableCoyotes,buy
2026-07-12T08:02:32.022892+00:00,18:02:18,ASML_202706_F,58.7,50,DownrightDogfish,CapableCoyotes,buy
2026-07-12T08:02:32.022892+00:00,18:02:18,TSLA,13.2,500,YieldingYams,AverageAlmonds,buy
2026-07-12T08:02:32.022892+00:00,18:02:18,TSLA,13.2,125,YieldingYams,AverageAlmonds,sell
2026-07-12T08:02:32.022892+00:00,18:02:18,SAP,54.3,200,WavyWalnuts,YieldingYams,buy
2026-07-12T08:02:32.022892+00:00,18:02:18,ASML,60.7,200,WavyWalnuts,YieldingYams,buy
2026-07-12T08:02:32.022892+00:00,18:02:18,ASML_DUAL,60.8,44,CostlyCorianders,EarnestEspressos,buy
2026-07-12T08:02:32.022892+00:00,18:02:18,SAP_DUAL,53.6,50,GroovyGrapefruits,InfiniteIcecreams,buy
2026-07-12T08:02:32.022892+00:00,18:02:18,OB5X_202706_F,185.5,50,RadiantRisottos,PowerfulPineapples,buy
2026-07-12T08:02:32.022892+00:00,18:02:18,ASML_202612_075P,52.3,49,GenerousGeckos,EssentialEagles,sell
2026-07-12T08:02:32.022892+00:00,18:02:18,NVDA,42.4,200,WavyWalnuts,YieldingYams,sell
2026-07-12T08:02:32.022892+00:00,18:02:18,OB5X_202703_F,178.8,50,RadiantRisottos,PowerfulPineapples,buy
2026-07-12T08:02:32.022892+00:00,18:02:19,SAP,54.3,425,AverageAlmonds,YieldingYams,buy
2026-07-12T08:02:32.022892+00:00,18:02:19,OB5X_202612_120C,84.7,41,TactfulTangerines,ScholarlySpearmints,sell
2026-07-12T08:02:32.022892+00:00,18:02:19,OB5X_202612_F,175.8,50,RadiantRisottos,PowerfulPineapples,buy
2026-07-12T08:02:32.022892+00:00,18:02:19,OB5X_ETF,40.7,244,KindlyKales,LivelyLasagnas,buy
2026-07-12T08:02:32.022892+00:00,18:02:19,ASML_DUAL,60.8,10,Benjamin Lu,EarnestEspressos,buy
2026-07-12T08:02:32.022892+00:00,18:02:19,ASML_DUAL,60.8,86,DiligentDonuts,EarnestEspressos,buy
2026-07-12T08:02:32.022892+00:00,18:02:19,SAP,54.5,200,YieldingYams,WavyWalnuts,buy
2026-07-12T08:02:32.022892+00:00,18:02:19,SAP,54.6,425,YieldingYams,AverageAlmonds,buy
2026-07-12T08:02:32.022892+00:00,18:02:19,OB5X_ETF,40.6,500,MarvelousMilkshakes,NecessaryNutmegs,sell
2026-07-12T08:02:32.022892+00:00,18:02:19,TSLA,13.1,200,WavyWalnuts,YieldingYams,sell
2026-07-12T08:02:32.022892+00:00,18:02:19,TSLA,13.1,425,AverageAlmonds,YieldingYams,sell
2026-07-12T08:02:32.022892+00:00,18:02:19,SAP,54.3,200,AverageAlmonds,WavyWalnuts,sell
2026-07-12T08:02:32.022892+00:00,18:02:19,OB5X_202706_F,185.2,42,QuirkyQuinoas,OriginalOlives,sell
2026-07-12T08:02:32.022892+00:00,18:02:19,ASML,60.7,200,YieldingYams,WavyWalnuts,sell
2026-07-12T08:02:32.022892+00:00,18:02:19,ASML_DUAL,60.9,10,Benjamin Lu,Freddie Hurd-Wood,buy
2026-07-12T08:02:32.022892+00:00,18:02:19,OB5X_ETF,40.6,204,MarvelousMilkshakes,KindlyKales,sell
2026-07-12T08:02:32.022892+00:00,18:02:19,ASML_202612_075C,39.3,42,EssentialEagles,FortunateFerrets,buy
2026-07-12T08:02:32.022892+00:00,18:02:20,ASML_DUAL,60.8,14,DiligentDonuts,FlawlessFlatbreads,sell
2026-07-12T08:02:32.022892+00:00,18:02:20,ASML_DUAL,60.6,10,Freddie Hurd-Wood,FlawlessFlatbreads,sell
2026-07-12T08:02:32.022892+00:00,18:02:20,ASML_DUAL,60.6,6,Stanley Cai,FlawlessFlatbreads,sell
2026-07-12T08:02:32.022892+00:00,18:02:20,ASML_DUAL,60.5,20,Ethan Gu,FlawlessFlatbreads,sell
2026-07-12T08:02:32.022892+00:00,18:02:20,ASML,60.7,20,YieldingYams,Ethan Gu,sell
2026-07-12T08:02:32.022892+00:00,18:02:20,ASML,60.7,4,YieldingYams,Stanley Cai,sell
2026-07-12T08:02:32.022892+00:00,18:02:20,OB5X_202612_120C,84.7,57,TactfulTangerines,ScholarlySpearmints,sell
2026-07-12T08:02:32.022892+00:00,18:02:20,NVDA,42.4,200,YieldingYams,WavyWalnuts,buy
2026-07-12T08:02:32.022892+00:00,18:02:20,ASML,60.8,10,Freddie Hurd-Wood,AverageAlmonds,buy
2026-07-12T08:02:32.022892+00:00,18:02:20,ASML,60.7,10,YieldingYams,Freddie Hurd-Wood,sell
2026-07-12T08:02:32.022892+00:00,18:02:20,ASML_202612_F,57.7,50,DownrightDogfish,BoundlessBisons,buy
2026-07-12T08:02:32.022892+00:00,18:02:20,ASML_202703_F,58.1,50,DownrightDogfish,BoundlessBisons,buy
2026-07-12T08:02:32.022892+00:00,18:02:20,OB5X_202612_120P,31.0,44,TactfulTangerines,ScholarlySpearmints,sell
2026-07-12T08:02:32.022892+00:00,18:02:20,ASML_202706_F,58.4,50,DownrightDogfish,BoundlessBisons,buy
2026-07-12T08:02:32.022892+00:00,18:02:20,SAP_DUAL,53.1,50,InfiniteIcecreams,JazzyJellies,sell
2026-07-12T08:02:32.022892+00:00,18:02:20,ASML_202612_050P,32.0,50,EssentialEagles,GenerousGeckos,buy
2026-07-12T08:02:32.022892+00:00,18:02:20,ASML_202612_050P,32.0,9,EssentialEagles,FortunateFerrets,buy
2026-07-12T08:02:32.022892+00:00,18:02:20,ASML_202612_F,57.7,50,CapableCoyotes,BoundlessBisons,buy
2026-07-12T08:02:32.022892+00:00,18:02:20,TSLA,13.2,200,YieldingYams,WavyWalnuts,buy
2026-07-12T08:02:32.022892+00:00,18:02:20,TSLA,13.2,425,YieldingYams,AverageAlmonds,buy
2026-07-12T08:02:32.022892+00:00,18:02:20,SAP_DUAL,53.5,43,GroovyGrapefruits,HomelyHerrings,buy
2026-07-12T08:02:32.022892+00:00,18:02:20,TSLA,13.1,20,WavyWalnuts,BrilliantBurritos,sell
2026-07-12T08:02:32.022892+00:00,18:02:21,ASML_202703_F,58.1,50,CapableCoyotes,BoundlessBisons,buy
2026-07-12T08:02:32.022892+00:00,18:02:21,ASML_DUAL,60.9,10,EarnestEspressos,Benjamin Lu,buy
2026-07-12T08:02:32.022892+00:00,18:02:21,ASML_202706_F,58.4,50,CapableCoyotes,BoundlessBisons,buy
2026-07-12T08:02:32.022892+00:00,18:02:21,ASML_DUAL,61.0,10,EarnestEspressos,Benjamin Lu,sell
2026-07-12T08:02:32.022892+00:00,18:02:21,ASML,60.8,200,YieldingYams,WavyWalnuts,buy
2026-07-12T08:02:32.022892+00:00,18:02:21,ASML,60.9,425,YieldingYams,AverageAlmonds,buy
2026-07-12T08:02:32.022892+00:00,18:02:21,TSLA,13.1,200,AverageAlmonds,WavyWalnuts,sell
2026-07-12T08:02:32.022892+00:00,18:02:21,NVDA,42.4,200,YieldingYams,WavyWalnuts,sell
2026-07-12T08:02:32.022892+00:00,18:02:21,OB5X_ETF,40.7,500,NecessaryNutmegs,MarvelousMilkshakes,buy
2026-07-12T08:02:32.022892+00:00,18:02:21,SAP_DUAL,53.5,57,GroovyGrapefruits,HomelyHerrings,buy
2026-07-12T08:02:32.022892+00:00,18:02:21,SAP_DUAL,53.6,2,GroovyGrapefruits,InfiniteIcecreams,buy
2026-07-12T08:02:32.022892+00:00,18:02:21,ASML,60.9,1,xingzhi Dang,AverageAlmonds,buy
2026-07-12T08:02:32.022892+00:00,18:02:21,ASML_DUAL,61.0,1,EarnestEspressos,xingzhi Dang,sell
2026-07-12T08:02:32.022892+00:00,18:02:21,SAP_DUAL,53.1,44,InfiniteIcecreams,GroovyGrapefruits,sell
2026-07-12T08:02:32.022892+00:00,18:02:21,SAP_DUAL,53.6,100,HomelyHerrings,InfiniteIcecreams,buy
2026-07-12T08:02:32.022892+00:00,18:02:22,ASML_202612_075C,38.9,50,GenerousGeckos,EssentialEagles,sell
2026-07-12T08:02:32.022892+00:00,18:02:22,ASML_202612_075C,38.8,3,FortunateFerrets,EssentialEagles,sell
2026-07-12T08:02:32.022892+00:00,18:02:22,ASML_202612_050C,43.1,40,EssentialEagles,FortunateFerrets,buy
2026-07-12T08:02:32.022892+00:00,18:02:22,TSLA,13.1,500,AverageAlmonds,YieldingYams,sell
2026-07-12T08:02:32.022892+00:00,18:02:22,ASML_DUAL,61.1,10,Benjamin Lu,Ethan Gu,buy
2026-07-12T08:02:32.022892+00:00,18:02:22,TSLA,13.1,125,AverageAlmonds,YieldingYams,buy
2026-07-12T08:02:32.022892+00:00,18:02:22,ASML_202612_F,58.4,50,DownrightDogfish,CapableCoyotes,buy
2026-07-12T08:02:32.022892+00:00,18:02:22,SAP_DUAL,53.1,50,InfiniteIcecreams,JazzyJellies,sell
2026-07-12T08:02:32.022892+00:00,18:02:22,ASML,60.9,1,xingzhi Dang,WavyWalnuts,buy
2026-07-12T08:02:32.022892+00:00,18:02:22,ASML_DUAL,61.0,1,EarnestEspressos,xingzhi Dang,sell
2026-07-12T08:02:32.022892+00:00,18:02:22,ASML,60.9,10,Ethan Gu,WavyWalnuts,buy
2026-07-12T08:02:32.022892+00:00,18:02:22,ASML_202703_F,58.7,50,DownrightDogfish,CapableCoyotes,buy
2026-07-12T08:02:32.022892+00:00,18:02:22,ASML,60.8,200,WavyWalnuts,YieldingYams,sell
2026-07-12T08:02:32.022892+00:00,18:02:22,ASML,60.7,1,Sze-Yong Ng,YieldingYams,buy
2026-07-12T08:02:32.022892+00:00,18:02:22,ASML_DUAL,61.0,1,EarnestEspressos,Sze-Yong Ng,sell
2026-07-12T08:02:32.022892+00:00,18:02:22,NVDA,42.3,200,WavyWalnuts,YieldingYams,sell
2026-07-12T08:02:32.022892+00:00,18:02:22,NVDA,42.2,425,AverageAlmonds,YieldingYams,sell
2026-07-12T08:02:32.022892+00:00,18:02:22,OB5X_202612_F,175.6,53,PowerfulPineapples,OriginalOlives,sell
2026-07-12T08:02:32.022892+00:00,18:02:22,ASML_DUAL,61.0,10,EarnestEspressos,Benjamin Lu,sell
2026-07-12T08:02:32.022892+00:00,18:02:22,ASML,60.7,20,Yashwanth Madan,YieldingYams,buy
2026-07-12T08:02:32.022892+00:00,18:02:22,ASML_DUAL,61.0,20,EarnestEspressos,Yashwanth Madan,sell
2026-07-12T08:02:32.022892+00:00,18:02:23,TSLA,13.2,20,BrilliantBurritos,AverageAlmonds,buy
2026-07-12T08:02:32.022892+00:00,18:02:23,OB5X_202612_120C,86.3,46,ScholarlySpearmints,TactfulTangerines,buy
2026-07-12T08:02:32.022892+00:00,18:02:23,ASML,60.7,20,Yashwanth Madan,YieldingYams,buy
2026-07-12T08:02:32.022892+00:00,18:02:23,SAP,54.6,200,WavyWalnuts,AverageAlmonds,buy
2026-07-12T08:02:32.022892+00:00,18:02:23,ASML_DUAL,61.0,20,EarnestEspressos,Yashwanth Madan,sell
2026-07-12T08:02:32.022892+00:00,18:02:23,OB5X_202612_080C,107.8,46,ScholarlySpearmints,VersatileVinegars,buy
2026-07-12T08:02:32.022892+00:00,18:02:23,ASML,60.7,200,WavyWalnuts,YieldingYams,buy
2026-07-12T08:02:32.022892+00:00,18:02:23,ASML_202612_100C,36.4,58,EssentialEagles,FortunateFerrets,buy
2026-07-12T08:02:32.022892+00:00,18:02:23,ASML_DUAL,61.0,10,EarnestEspressos,Benjamin Lu,sell
2026-07-12T08:02:32.022892+00:00,18:02:23,OB5X_202612_120P,32.2,46,ScholarlySpearmints,TactfulTangerines,buy
2026-07-12T08:02:32.022892+00:00,18:02:23,ASML_202612_075P,52.7,48,EssentialEagles,GenerousGeckos,buy
2026-07-12T08:02:32.022892+00:00,18:02:23,TSLA,13.2,200,YieldingYams,WavyWalnuts,buy
2026-07-12T08:02:32.022892+00:00,18:02:23,TSLA,13.2,425,YieldingYams,AverageAlmonds,buy
2026-07-12T08:02:32.022892+00:00,18:02:23,ASML,60.7,16,Yashwanth Madan,YieldingYams,buy
2026-07-12T08:02:32.022892+00:00,18:02:23,ASML_DUAL,61.0,16,EarnestEspressos,Yashwanth Madan,sell
2026-07-12T08:02:32.022892+00:00,18:02:23,OB5X_202703_F,178.7,50,PowerfulPineapples,RadiantRisottos,sell
2026-07-12T08:02:32.022892+00:00,18:02:23,ASML,60.7,1,xingzhi Dang,YieldingYams,buy
2026-07-12T08:02:32.022892+00:00,18:02:23,ASML_DUAL,61.0,1,EarnestEspressos,xingzhi Dang,sell
2026-07-12T08:02:32.022892+00:00,18:02:23,OB5X_ETF,40.6,500,LivelyLasagnas,NecessaryNutmegs,sell
2026-07-12T08:02:32.022892+00:00,18:02:23,NVDA,42.5,20,BrilliantBurritos,WavyWalnuts,buy
2026-07-12T08:02:32.022892+00:00,18:02:23,TSLA,13.2,200,WavyWalnuts,AverageAlmonds,buy
2026-07-12T08:02:32.022892+00:00,18:02:23,TSLA,13.2,20,BrilliantBurritos,AverageAlmonds,buy
2026-07-12T08:02:32.022892+00:00,18:02:23,ASML,60.7,3,Yashwanth Madan,YieldingYams,buy
2026-07-12T08:02:32.022892+00:00,18:02:23,ASML_DUAL,61.0,3,EarnestEspressos,Yashwanth Madan,sell
2026-07-12T08:02:32.022892+00:00,18:02:24,ASML,60.9,200,YieldingYams,WavyWalnuts,buy
2026-07-12T08:02:32.022892+00:00,18:02:24,ASML,60.9,425,YieldingYams,AverageAlmonds,buy
2026-07-12T08:02:32.022892+00:00,18:02:24,NVDA,42.4,200,YieldingYams,WavyWalnuts,buy
2026-07-12T08:02:32.022892+00:00,18:02:24,SAP_DUAL,53.2,42,InfiniteIcecreams,GroovyGrapefruits,sell
2026-07-12T08:02:32.022892+00:00,18:02:24,ASML_DUAL,61.0,47,EarnestEspressos,FlawlessFlatbreads,sell
2026-07-12T08:02:32.022892+00:00,18:02:24,ASML_DUAL,60.9,3,Benjamin Lu,FlawlessFlatbreads,sell
2026-07-12T08:02:32.022892+00:00,18:02:24,ASML_DUAL,60.9,7,Benjamin Lu,EarnestEspressos,sell
2026-07-12T08:02:32.022892+00:00,18:02:24,ASML_202706_F,59.2,51,AttentiveAntelopes,CapableCoyotes,buy
2026-07-12T08:02:32.022892+00:00,18:02:24,OB5X_202612_F,175.9,56,OriginalOlives,PowerfulPineapples,buy
2026-07-12T08:02:32.022892+00:00,18:02:24,ASML_202703_F,58.5,100,BoundlessBisons,CapableCoyotes,sell
2026-07-12T08:02:32.022892+00:00,18:02:24,OB5X_202612_F,175.5,58,QuirkyQuinoas,OriginalOlives,sell
2026-07-12T08:02:32.022892+00:00,18:02:24,ASML_DUAL,60.8,20,Yashwanth Madan,EarnestEspressos,buy
2026-07-12T08:02:32.022892+00:00,18:02:24,ASML,60.7,20,WavyWalnuts,Yashwanth Madan,sell
2026-07-12T08:02:32.022892+00:00,18:02:24,OB5X_ETF,40.6,500,MarvelousMilkshakes,LivelyLasagnas,sell
2026-07-12T08:02:32.022892+00:00,18:02:24,SAP_DUAL,53.2,50,InfiniteIcecreams,JazzyJellies,sell
2026-07-12T08:02:32.022892+00:00,18:02:24,SAP_DUAL,53.7,54,GroovyGrapefruits,InfiniteIcecreams,buy
2026-07-12T08:02:32.022892+00:00,18:02:24,TSLA,13.1,500,AverageAlmonds,YieldingYams,sell
2026-07-12T08:02:32.022892+00:00,18:02:24,ASML_202612_F,58.2,50,DownrightDogfish,CapableCoyotes,buy
2026-07-12T08:02:32.022892+00:00,18:02:24,ASML_DUAL,60.8,10,Benjamin Lu,EarnestEspressos,buy
2026-07-12T08:02:32.022892+00:00,18:02:25,ASML_DUAL,60.8,20,Yashwanth Madan,EarnestEspressos,buy
2026-07-12T08:02:32.022892+00:00,18:02:25,TSLA,13.0,125,AverageAlmonds,YieldingYams,buy
2026-07-12T08:02:32.022892+00:00,18:02:25,AAPL,148.1,200,AverageAlmonds,WavyWalnuts,buy
2026-07-12T08:02:32.022892+00:00,18:02:25,SAP,54.6,200,WavyWalnuts,AverageAlmonds,sell
2026-07-12T08:02:32.022892+00:00,18:02:25,ASML,60.7,20,WavyWalnuts,Yashwanth Madan,sell
2026-07-12T08:02:32.022892+00:00,18:02:25,ASML_202703_F,58.5,50,DownrightDogfish,CapableCoyotes,buy
2026-07-12T08:02:32.022892+00:00,18:02:25,ASML_202706_F,58.9,50,DownrightDogfish,CapableCoyotes,buy
2026-07-12T08:02:32.022892+00:00,18:02:25,ASML_DUAL,60.8,19,Yashwanth Madan,EarnestEspressos,buy
2026-07-12T08:02:32.022892+00:00,18:02:25,ASML,60.7,160,WavyWalnuts,YieldingYams,sell
2026-07-12T08:02:32.022892+00:00,18:02:25,NVDA,42.5,20,BrilliantBurritos,YieldingYams,buy
2026-07-12T08:02:32.022892+00:00,18:02:25,NVDA,42.3,200,WavyWalnuts,YieldingYams,sell
2026-07-12T08:02:32.022892+00:00,18:02:25,ASML_DUAL,60.7,2,xingzhi Dang,Yashwanth Madan,sell
2026-07-12T08:02:32.022892+00:00,18:02:25,ASML_DUAL,60.7,10,Benjamin Lu,Yashwanth Madan,sell
2026-07-12T08:02:32.022892+00:00,18:02:25,ASML,60.5,2,YieldingYams,xingzhi Dang,sell
2026-07-12T08:02:32.022892+00:00,18:02:25,AAPL,148.1,500,AverageAlmonds,YieldingYams,sell
2026-07-12T08:02:32.022892+00:00,18:02:26,TSLA,13.2,200,YieldingYams,WavyWalnuts,buy
2026-07-12T08:02:32.022892+00:00,18:02:26,TSLA,13.2,425,YieldingYams,AverageAlmonds,buy
2026-07-12T08:02:32.022892+00:00,18:02:26,ASML,60.6,200,AverageAlmonds,WavyWalnuts,buy
2026-07-12T08:02:32.022892+00:00,18:02:26,TSLA,13.2,200,WavyWalnuts,AverageAlmonds,buy
2026-07-12T08:02:32.022892+00:00,18:02:26,ASML_DUAL,60.6,10,Freddie Hurd-Wood,FlawlessFlatbreads,sell
2026-07-12T08:02:32.022892+00:00,18:02:26,ASML_DUAL,60.5,10,Benjamin Lu,FlawlessFlatbreads,sell
2026-07-12T08:02:32.022892+00:00,18:02:26,ASML_DUAL,60.4,30,DiligentDonuts,FlawlessFlatbreads,sell
2026-07-12T08:02:32.022892+00:00,18:02:26,OB5X_202612_080C,107.8,4,ScholarlySpearmints,VersatileVinegars,buy
2026-07-12T08:02:32.022892+00:00,18:02:26,OB5X_202612_080C,107.9,41,ScholarlySpearmints,TactfulTangerines,buy
2026-07-12T08:02:32.022892+00:00,18:02:26,ASML,60.6,10,AverageAlmonds,Freddie Hurd-Wood,sell
2026-07-12T08:02:32.022892+00:00,18:02:26,ASML_DUAL,60.7,10,Yashwanth Madan,Benjamin Lu,buy
2026-07-12T08:02:32.022892+00:00,18:02:26,OB5X_202612_080C,106.8,54,TactfulTangerines,ScholarlySpearmints,sell
2026-07-12T08:02:32.022892+00:00,18:02:26,ASML,60.6,10,AverageAlmonds,Yashwanth Madan,sell
2026-07-12T08:02:32.022892+00:00,18:02:26,ASML,60.6,20,AverageAlmonds,BrilliantBurritos,sell
2026-07-12T08:02:32.022892+00:00,18:02:26,OB5X_202612_100P,21.2,54,TactfulTangerines,ScholarlySpearmints,sell
2026-07-12T08:02:32.022892+00:00,18:02:26,ASML_202612_050P,31.6,41,GenerousGeckos,EssentialEagles,sell
2026-07-12T08:02:32.022892+00:00,18:02:26,AAPL,148.1,125,AverageAlmonds,YieldingYams,buy
2026-07-12T08:02:32.022892+00:00,18:02:26,SAP_DUAL,53.4,50,HomelyHerrings,JazzyJellies,sell
2026-07-12T08:02:32.022892+00:00,18:02:26,SAP,54.6,200,WavyWalnuts,YieldingYams,buy
2026-07-12T08:02:32.022892+00:00,18:02:27,SAP,54.5,20,YieldingYams,BrilliantBurritos,sell
2026-07-12T08:02:32.022892+00:00,18:02:27,AAPL,148.2,200,YieldingYams,WavyWalnuts,buy
2026-07-12T08:02:32.022892+00:00,18:02:27,OB5X_ETF,40.6,231,KindlyKales,MarvelousMilkshakes,buy
2026-07-12T08:02:32.022892+00:00,18:02:27,TSLA,13.2,200,WavyWalnuts,AverageAlmonds,buy
2026-07-12T08:02:32.022892+00:00,18:02:27,NVDA,42.3,200,WavyWalnuts,YieldingYams,buy
2026-07-12T08:02:32.022892+00:00,18:02:27,SAP_DUAL,53.4,49,HomelyHerrings,GroovyGrapefruits,sell
2026-07-12T08:02:32.022892+00:00,18:02:27,OB5X_ETF,40.6,500,NecessaryNutmegs,MarvelousMilkshakes,buy
2026-07-12T08:02:32.022892+00:00,18:02:27,ASML_202612_F,58.3,40,AttentiveAntelopes,BoundlessBisons,buy
2026-07-12T08:02:32.022892+00:00,18:02:27,ASML_202612_F,58.3,60,CapableCoyotes,BoundlessBisons,buy
2026-07-12T08:02:32.022892+00:00,18:02:27,OB5X_202706_F,185.2,54,PowerfulPineapples,OriginalOlives,sell
2026-07-12T08:02:32.022892+00:00,18:02:27,ASML_202703_F,58.7,52,AttentiveAntelopes,BoundlessBisons,buy
2026-07-12T08:02:32.022892+00:00,18:02:28,ASML,60.6,200,WavyWalnuts,YieldingYams,sell
2026-07-12T08:02:32.022892+00:00,18:02:28,ASML,60.6,425,AverageAlmonds,YieldingYams,sell
2026-07-12T08:02:32.022892+00:00,18:02:28,ASML_202703_F,58.7,48,CapableCoyotes,BoundlessBisons,buy
2026-07-12T08:02:32.022892+00:00,18:02:28,SAP,54.6,200,WavyWalnuts,YieldingYams,buy
2026-07-12T08:02:32.022892+00:00,18:02:28,AAPL,148.3,200,YieldingYams,WavyWalnuts,sell
2026-07-12T08:02:32.022892+00:00,18:02:28,ASML_202706_F,59.1,100,CapableCoyotes,BoundlessBisons,buy
2026-07-12T08:02:32.022892+00:00,18:02:28,ASML_DUAL,60.7,10,Benjamin Lu,FlawlessFlatbreads,sell
2026-07-12T08:02:32.022892+00:00,18:02:28,ASML_DUAL,60.6,40,EarnestEspressos,FlawlessFlatbreads,sell
2026-07-12T08:02:32.022892+00:00,18:02:28,TSLA,13.2,200,WavyWalnuts,YieldingYams,buy
2026-07-12T08:02:32.022892+00:00,18:02:28,NVDA,42.3,200,YieldingYams,WavyWalnuts,sell
2026-07-12T08:02:32.022892+00:00,18:02:28,ASML_DUAL,60.7,9,Yashwanth Madan,Benjamin Lu,buy
2026-07-12T08:02:32.022892+00:00,18:02:28,ASML_202612_075P,52.3,47,GenerousGeckos,EssentialEagles,sell
2026-07-12T08:02:32.022892+00:00,18:02:28,ASML,60.6,9,WavyWalnuts,Yashwanth Madan,sell
2026-07-12T08:02:32.022892+00:00,18:02:29,TSLA,13.2,20,BrilliantBurritos,AverageAlmonds,buy
2026-07-12T08:02:35.330989+00:00,18:02:29,OB5X_202612_100P,21.1,47,TactfulTangerines,ScholarlySpearmints,sell
2026-07-12T08:02:35.330989+00:00,18:02:29,ASML,60.6,200,YieldingYams,WavyWalnuts,sell
2026-07-12T08:02:35.330989+00:00,18:02:29,NVDA,42.2,200,WavyWalnuts,YieldingYams,sell
2026-07-12T08:02:35.330989+00:00,18:02:29,NVDA,42.2,425,AverageAlmonds,YieldingYams,sell
2026-07-12T08:02:35.330989+00:00,18:02:29,OB5X_ETF,40.5,218,LivelyLasagnas,KindlyKales,sell
2026-07-12T08:02:35.330989+00:00,18:02:30,NVDA,42.3,200,AverageAlmonds,WavyWalnuts,sell
2026-07-12T08:02:35.330989+00:00,18:02:30,OB5X_ETF,40.5,282,LivelyLasagnas,NecessaryNutmegs,sell
2026-07-12T08:02:35.330989+00:00,18:02:30,OB5X_ETF,40.4,218,MarvelousMilkshakes,NecessaryNutmegs,sell
2026-07-12T08:02:35.330989+00:00,18:02:30,OB5X_ETF,40.7,225,KindlyKales,LivelyLasagnas,buy
2026-07-12T08:02:35.330989+00:00,18:02:30,OB5X_ETF,40.7,275,MarvelousMilkshakes,LivelyLasagnas,buy
2026-07-12T08:02:35.330989+00:00,18:02:30,OB5X_202706_F,185.7,50,RadiantRisottos,PowerfulPineapples,buy
2026-07-12T08:02:35.330989+00:00,18:02:30,ASML_DUAL,60.8,2,FlawlessFlatbreads,xingzhi Dang,buy
2026-07-12T08:02:35.330989+00:00,18:02:30,ASML_DUAL,60.9,48,FlawlessFlatbreads,DiligentDonuts,buy
2026-07-12T08:02:35.330989+00:00,18:02:30,OB5X_202703_F,178.9,50,RadiantRisottos,PowerfulPineapples,buy
2026-07-12T08:02:35.330989+00:00,18:02:30,OB5X_202612_F,175.9,50,RadiantRisottos,PowerfulPineapples,buy
2026-07-12T08:02:35.330989+00:00,18:02:30,ASML,60.6,2,xingzhi Dang,YieldingYams,buy
2026-07-12T08:02:35.330989+00:00,18:02:31,OB5X_ETF,40.7,475,MarvelousMilkshakes,LivelyLasagnas,sell
2026-07-12T08:02:35.330989+00:00,18:02:31,SAP_DUAL,53.1,50,InfiniteIcecreams,JazzyJellies,sell
2026-07-12T08:02:35.330989+00:00,18:02:31,NVDA,42.5,500,YieldingYams,AverageAlmonds,sell
2026-07-12T08:02:35.330989+00:00,18:02:31,SAP,54.5,200,YieldingYams,WavyWalnuts,buy
2026-07-12T08:02:35.330989+00:00,18:02:31,TSLA,13.2,200,WavyWalnuts,YieldingYams,buy
2026-07-12T08:02:35.330989+00:00,18:02:31,NVDA,42.5,125,YieldingYams,WavyWalnuts,sell
2026-07-12T08:02:35.330989+00:00,18:02:31,OB5X_202703_F,178.6,54,QuirkyQuinoas,OriginalOlives,sell
2026-07-12T08:02:35.330989+00:00,18:02:31,OB5X_202612_F,176.0,52,OriginalOlives,QuirkyQuinoas,buy
2026-07-12T08:02:35.330989+00:00,18:02:31,OB5X_202612_F,175.6,54,PowerfulPineapples,OriginalOlives,sell
2026-07-12T08:02:35.330989+00:00,18:02:31,ASML,60.5,20,WavyWalnuts,BrilliantBurritos,sell
2026-07-12T08:02:35.330989+00:00,18:02:31,ASML_202612_F,58.4,100,BoundlessBisons,CapableCoyotes,sell
2026-07-12T08:02:35.330989+00:00,18:02:31,TSLA,13.2,20,BrilliantBurritos,AverageAlmonds,buy
2026-07-12T08:02:35.330989+00:00,18:02:31,OB5X_202612_080P,13.5,59,ScholarlySpearmints,TactfulTangerines,buy
2026-07-12T08:02:35.330989+00:00,18:02:31,ASML_202703_F,58.8,100,BoundlessBisons,CapableCoyotes,sell
2026-07-12T08:02:38.899000+00:00,18:02:31,OB5X_202612_120P,32.2,43,ScholarlySpearmints,TactfulTangerines,buy
2026-07-12T08:02:38.899000+00:00,18:02:31,ASML_202706_F,59.2,100,BoundlessBisons,CapableCoyotes,sell
2026-07-12T08:02:38.899000+00:00,18:02:31,ASML,60.5,200,AverageAlmonds,WavyWalnuts,sell
2026-07-12T08:02:38.899000+00:00,18:02:31,ASML_202612_075P,52.8,50,EssentialEagles,GenerousGeckos,buy
2026-07-12T08:02:38.899000+00:00,18:02:31,ASML_202612_075P,52.8,4,EssentialEagles,FortunateFerrets,buy
2026-07-12T08:02:38.899000+00:00,18:02:31,ASML_202612_050C,42.7,43,GenerousGeckos,EssentialEagles,sell
2026-07-12T08:02:38.899000+00:00,18:02:31,ASML_202612_F,58.3,50,DownrightDogfish,CapableCoyotes,buy
2026-07-12T08:02:38.899000+00:00,18:02:32,NVDA,42.4,200,WavyWalnuts,YieldingYams,sell
2026-07-12T08:02:38.899000+00:00,18:02:32,NVDA,42.2,425,AverageAlmonds,YieldingYams,sell
2026-07-12T08:02:38.899000+00:00,18:02:32,ASML_202703_F,58.7,50,DownrightDogfish,CapableCoyotes,buy
2026-07-12T08:02:38.899000+00:00,18:02:32,OB5X_ETF,40.5,500,LivelyLasagnas,NecessaryNutmegs,sell
2026-07-12T08:02:38.899000+00:00,18:02:32,ASML_202706_F,59.0,50,DownrightDogfish,CapableCoyotes,buy
2026-07-12T08:02:38.899000+00:00,18:02:32,ASML_DUAL,60.7,2,FlawlessFlatbreads,xingzhi Dang,buy
2026-07-12T08:02:38.899000+00:00,18:02:32,ASML_DUAL,60.7,10,FlawlessFlatbreads,Benjamin Lu,buy
2026-07-12T08:02:38.899000+00:00,18:02:32,ASML_DUAL,60.8,10,FlawlessFlatbreads,Freddie Hurd-Wood,buy
2026-07-12T08:02:38.899000+00:00,18:02:32,ASML_DUAL,60.9,6,FlawlessFlatbreads,Stanley Cai,buy
2026-07-12T08:02:38.899000+00:00,18:02:32,ASML_DUAL,60.9,22,FlawlessFlatbreads,DiligentDonuts,buy
2026-07-12T08:02:38.899000+00:00,18:02:32,ASML,60.6,2,xingzhi Dang,YieldingYams,buy
2026-07-12T08:02:38.899000+00:00,18:02:32,OB5X_202703_F,179.1,40,OriginalOlives,QuirkyQuinoas,buy
2026-07-12T08:02:38.899000+00:00,18:02:32,SAP_DUAL,53.5,43,GroovyGrapefruits,HomelyHerrings,buy
2026-07-12T08:02:38.899000+00:00,18:02:33,ASML,60.6,5,Stanley Cai,YieldingYams,buy
2026-07-12T08:02:38.899000+00:00,18:02:33,SAP_DUAL,53.5,50,JazzyJellies,HomelyHerrings,buy
2026-07-12T08:02:38.899000+00:00,18:02:33,ASML_202612_050P,32.0,50,EssentialEagles,GenerousGeckos,buy
2026-07-12T08:02:38.899000+00:00,18:02:33,ASML_202612_050P,32.0,4,EssentialEagles,FortunateFerrets,buy
2026-07-12T08:02:38.899000+00:00,18:02:33,ASML_202612_050P,31.6,50,GenerousGeckos,EssentialEagles,sell
2026-07-12T08:02:38.899000+00:00,18:02:33,ASML_202612_050P,31.6,1,FortunateFerrets,EssentialEagles,sell
2026-07-12T08:02:38.899000+00:00,18:02:33,ASML,60.5,500,AverageAlmonds,YieldingYams,sell
2026-07-12T08:02:38.899000+00:00,18:02:33,ASML,60.4,125,WavyWalnuts,YieldingYams,sell
2026-07-12T08:02:38.899000+00:00,18:02:33,NVDA,42.5,200,YieldingYams,WavyWalnuts,buy
2026-07-12T08:02:38.899000+00:00,18:02:33,NVDA,42.5,425,YieldingYams,AverageAlmonds,buy
2026-07-12T08:02:38.899000+00:00,18:02:33,OB5X_202612_100P,21.1,50,TactfulTangerines,ScholarlySpearmints,sell
2026-07-12T08:02:38.899000+00:00,18:02:33,ASML,60.6,10,Freddie Hurd-Wood,WavyWalnuts,buy
2026-07-12T08:02:38.899000+00:00,18:02:33,NVDA,42.3,20,WavyWalnuts,BrilliantBurritos,sell
2026-07-12T08:02:38.899000+00:00,18:02:33,ASML,60.5,20,AverageAlmonds,BrilliantBurritos,sell
2026-07-12T08:02:38.899000+00:00,18:02:33,NVDA,42.5,200,WavyWalnuts,AverageAlmonds,buy
2026-07-12T08:02:38.899000+00:00,18:02:33,TSLA,13.2,200,WavyWalnuts,YieldingYams,buy
2026-07-12T08:02:38.899000+00:00,18:02:33,ASML,60.6,1,xingzhi Dang,WavyWalnuts,buy
2026-07-12T08:02:38.899000+00:00,18:02:33,ASML_DUAL,60.7,1,Benjamin Lu,xingzhi Dang,sell
2026-07-12T08:02:38.899000+00:00,18:02:33,SAP,54.4,200,WavyWalnuts,YieldingYams,sell
2026-07-12T08:02:38.899000+00:00,18:02:33,ASML_DUAL,60.7,9,Benjamin Lu,CostlyCorianders,sell
2026-07-12T08:02:38.899000+00:00,18:02:33,ASML_DUAL,60.4,37,DiligentDonuts,CostlyCorianders,sell
2026-07-12T08:02:38.899000+00:00,18:02:34,SAP,54.3,200,YieldingYams,WavyWalnuts,sell
2026-07-12T08:02:38.899000+00:00,18:02:34,ASML_202612_100C,35.9,45,FortunateFerrets,EssentialEagles,sell
2026-07-12T08:02:38.899000+00:00,18:02:34,TSLA,13.1,20,YieldingYams,BrilliantBurritos,sell
2026-07-12T08:02:38.899000+00:00,18:02:34,OB5X_ETF,40.5,500,LivelyLasagnas,MarvelousMilkshakes,buy
2026-07-12T08:02:38.899000+00:00,18:02:34,AAPL,148.3,200,WavyWalnuts,YieldingYams,buy
2026-07-12T08:02:38.899000+00:00,18:02:34,ASML_202612_F,58.1,50,DownrightDogfish,BoundlessBisons,buy
2026-07-12T08:02:38.899000+00:00,18:02:34,ASML_202612_100P,74.0,47,GenerousGeckos,EssentialEagles,sell
2026-07-12T08:02:38.899000+00:00,18:02:34,ASML_202703_F,58.5,50,DownrightDogfish,BoundlessBisons,buy
